Locomotion,Pseudopods
Swim,5
Swim,3
Swim,2
Swim,1
Swim,1
Swim,1
Swim,1
Swim,1
Swim,1
Swim,1
Swim,1
Swim,1
Swim,1
Swim,1
Swim,1
Swim,1
Swim,1
Swim,1
Swim,1
Swim,1
Swim,1
Swim,1
Swim,1
Swim,2
Swim,2
Swim,2
Swim,3
Swim,2
Swim,4
Swim,3
Swim,2
Swim,5
Swim,4
Swim,3
Swim,3
Swim,2
Swim,1
Swim,1
Swim,1
Swim,1
Swim,1
Swim,2
Swim,2
Swim,3
Swim,1
Swim,1
Swim,1
Swim,1
Swim,1
Swim,1
Swim,1
Swim,1
Swim,1
Swim,1
Swim,1
Swim,1
Swim,1
Swim,1
Swim,1
Swim,2
Swim,2
Swim,2
Swim,2
Swim,1
Swim,1
Swim,1
Swim,1
Swim,1
Swim,3
Swim,4
Swim,5
Swim,6
Swim,3
Swim,3
Swim,4
Swim,4
Swim,3
Swim,2
Swim,1
Swim,1
Swim,1
Swim,1
Swim,1
Swim,1
Swim,1
Slide,5
Slide,4
Slide,6
Slide,4
Slide,5
Slide,4
Slide,3
Slide,5
Slide,6
Slide,8
Slide,6
Slide,7
Slide,5
Slide,3
Slide,3
Slide,2
Slide,5
Slide,3
Slide,7
Slide,5
Slide,8
Slide,7
Slide,5
Slide,7
Slide,6
Slide,4
Slide,3
Slide,4
Slide,4
Slide,3
Slide,2
Slide,1
Slide,5
Slide,4
Slide,2
Slide,2
Slide,1
Slide,1
Slide,4
Slide,5
Slide,5
Slide,4
Slide,3
Slide,4
Slide,5
Slide,5
Slide,5
Slide,10
Slide,6
Slide,5
Slide,6
Slide,5
Slide,5
Slide,5
Slide,9
Slide,4
Slide,4
